ts_code,datetime,close,open,high,low,vol,amount
002022.SZ,2026-03-16 09:30:00,5.98,5.97,6.03,5.97,84300.0,504379.0
002022.SZ,2026-03-16 09:31:00,6.0,5.99,6.0,5.95,203500.0,1219081.0
002022.SZ,2026-03-16 09:32:00,6.01,6.0,6.03,6.0,232000.0,1396307.0
002022.SZ,2026-03-16 09:33:00,6.02,6.03,6.03,6.01,136600.0,823075.0
002022.SZ,2026-03-16 09:34:00,6.01,6.02,6.03,6.01,54400.0,327580.0
002022.SZ,2026-03-16 09:35:00,6.03,6.02,6.03,6.02,49900.0,300713.0
002022.SZ,2026-03-16 09:36:00,6.03,6.03,6.04,6.03,107000.0,645241.0
002022.SZ,2026-03-16 09:37:00,6.03,6.03,6.03,6.02,43900.0,264435.0
002022.SZ,2026-03-16 09:38:00,6.04,6.02,6.04,6.02,93600.0,564099.0
002022.SZ,2026-03-16 09:39:00,6.01,6.03,6.03,6.01,226100.0,1359515.0
002022.SZ,2026-03-16 09:40:00,6.04,6.03,6.05,6.03,349600.0,2110985.0
002022.SZ,2026-03-16 09:41:00,6.02,6.04,6.04,6.02,53500.0,322785.0
002022.SZ,2026-03-16 09:42:00,6.02,6.02,6.02,6.01,29700.0,178694.0
002022.SZ,2026-03-16 09:43:00,6.0,6.01,6.02,6.0,18600.0,111786.0
002022.SZ,2026-03-16 09:44:00,6.0,6.0,6.01,6.0,35300.0,211891.0
002022.SZ,2026-03-16 09:45:00,6.0,6.0,6.01,6.0,67700.0,406246.0
002022.SZ,2026-03-16 09:46:00,6.0,6.0,6.01,5.99,58600.0,351463.0
002022.SZ,2026-03-16 09:47:00,5.99,5.99,6.0,5.99,43600.0,261239.0
002022.SZ,2026-03-16 09:48:00,6.01,6.0,6.01,6.0,33600.0,201777.0
002022.SZ,2026-03-16 09:49:00,6.0,6.02,6.02,6.0,17900.0,107545.0
002022.SZ,2026-03-16 09:50:00,6.01,6.01,6.01,6.0,8600.0,51642.0
002022.SZ,2026-03-16 09:51:00,5.99,6.0,6.01,5.99,37000.0,221918.0
002022.SZ,2026-03-16 09:52:00,5.99,5.99,6.0,5.99,21800.0,130583.0
002022.SZ,2026-03-16 09:53:00,5.99,5.99,5.99,5.98,52600.0,315043.0
002022.SZ,2026-03-16 09:54:00,5.98,5.99,5.99,5.98,21900.0,130976.0
002022.SZ,2026-03-16 09:55:00,6.0,5.98,6.0,5.98,37300.0,223342.0
002022.SZ,2026-03-16 09:56:00,5.98,5.99,5.99,5.98,6300.0,37721.0
002022.SZ,2026-03-16 09:57:00,5.99,5.99,5.99,5.99,4000.0,23959.0
002022.SZ,2026-03-16 09:58:00,5.99,5.99,5.99,5.98,6900.0,41313.0
002022.SZ,2026-03-16 09:59:00,6.0,5.98,6.0,5.98,22300.0,133587.0
002022.SZ,2026-03-16 10:00:00,6.0,5.99,6.0,5.99,3800.0,22784.0
002022.SZ,2026-03-16 10:01:00,6.0,6.0,6.0,5.99,59700.0,357611.0
002022.SZ,2026-03-16 10:02:00,6.01,5.99,6.02,5.99,80900.0,485399.0
002022.SZ,2026-03-16 10:03:00,6.0,6.0,6.01,6.0,10000.0,60004.0
002022.SZ,2026-03-16 10:04:00,6.0,6.0,6.01,6.0,27900.0,167413.0
002022.SZ,2026-03-16 10:05:00,6.0,6.0,6.01,6.0,47100.0,282609.0
002022.SZ,2026-03-16 10:06:00,6.0,6.01,6.01,6.0,1600.0,9611.0
002022.SZ,2026-03-16 10:07:00,6.01,6.0,6.01,6.0,800.0,4802.0
002022.SZ,2026-03-16 10:08:00,6.0,6.0,6.0,6.0,700.0,4200.0
002022.SZ,2026-03-16 10:09:00,6.01,6.01,6.01,6.0,3600.0,21621.0
002022.SZ,2026-03-16 10:10:00,6.01,6.0,6.01,6.0,2300.0,13822.0
002022.SZ,2026-03-16 10:11:00,6.01,6.01,6.01,6.0,3400.0,20431.0
002022.SZ,2026-03-16 10:12:00,6.01,6.0,6.01,6.0,8200.0,49245.0
002022.SZ,2026-03-16 10:13:00,5.99,6.01,6.01,5.99,184600.0,1108281.0
002022.SZ,2026-03-16 10:14:00,5.99,6.0,6.0,5.99,12000.0,71995.0
002022.SZ,2026-03-16 10:15:00,6.0,6.0,6.0,5.99,5200.0,31195.0
002022.SZ,2026-03-16 10:16:00,6.0,6.0,6.0,5.99,17100.0,102589.0
002022.SZ,2026-03-16 10:17:00,6.0,6.0,6.0,6.0,26800.0,160800.0
002022.SZ,2026-03-16 10:18:00,6.0,6.0,6.0,6.0,700.0,4200.0
002022.SZ,2026-03-16 10:19:00,6.0,6.0,6.01,6.0,9600.0,57665.0
002022.SZ,2026-03-16 10:20:00,6.01,6.01,6.01,6.01,300.0,1803.0
002022.SZ,2026-03-16 10:21:00,6.0,6.01,6.01,6.0,34900.0,209490.0
002022.SZ,2026-03-16 10:22:00,6.0,6.0,6.0,6.0,7700.0,46200.0
002022.SZ,2026-03-16 10:23:00,5.99,5.99,5.99,5.99,100.0,599.0
002022.SZ,2026-03-16 10:24:00,5.99,5.99,5.99,5.99,8900.0,53311.0
002022.SZ,2026-03-16 10:25:00,5.98,5.99,6.0,5.98,36400.0,218032.0
002022.SZ,2026-03-16 10:26:00,5.99,5.99,5.99,5.99,4300.0,25757.0
002022.SZ,2026-03-16 10:27:00,5.99,5.98,5.99,5.98,16700.0,100035.0
002022.SZ,2026-03-16 10:28:00,6.0,5.99,6.0,5.99,4900.0,29363.0
002022.SZ,2026-03-16 10:29:00,6.0,5.99,6.0,5.99,4900.0,29360.0
002022.SZ,2026-03-16 10:30:00,5.99,6.0,6.0,5.99,12600.0,75476.0
002022.SZ,2026-03-16 10:31:00,6.0,5.99,6.0,5.99,16900.0,101250.0
002022.SZ,2026-03-16 10:32:00,5.99,5.99,5.99,5.99,300.0,1797.0
002022.SZ,2026-03-16 10:33:00,5.99,5.99,5.99,5.99,3700.0,22163.0
002022.SZ,2026-03-16 10:34:00,5.99,5.99,5.99,5.98,7100.0,42522.0
002022.SZ,2026-03-16 10:35:00,5.99,5.98,5.99,5.98,36600.0,219229.0
002022.SZ,2026-03-16 10:36:00,5.98,5.98,5.98,5.98,300.0,1794.0
002022.SZ,2026-03-16 10:37:00,5.99,5.99,5.99,5.99,200.0,1198.0
002022.SZ,2026-03-16 10:38:00,5.99,5.99,5.99,5.99,6800.0,40732.0
002022.SZ,2026-03-16 10:39:00,5.98,5.98,5.99,5.97,148100.0,885640.0
002022.SZ,2026-03-16 10:40:00,5.98,5.98,5.98,5.98,38600.0,230828.0
002022.SZ,2026-03-16 10:41:00,5.98,5.98,5.98,5.98,200.0,1196.0
002022.SZ,2026-03-16 10:42:00,5.98,5.98,5.98,5.98,4300.0,25714.0
002022.SZ,2026-03-16 10:43:00,5.98,5.98,5.98,5.98,0.0,0.0
002022.SZ,2026-03-16 10:44:00,5.98,5.98,5.98,5.98,6300.0,37674.0
002022.SZ,2026-03-16 10:45:00,5.98,5.98,5.98,5.98,3700.0,22126.0
002022.SZ,2026-03-16 10:46:00,5.99,5.98,5.99,5.98,12700.0,76033.0
002022.SZ,2026-03-16 10:47:00,5.97,5.99,5.99,5.97,9600.0,57421.0
002022.SZ,2026-03-16 10:48:00,5.98,5.98,5.98,5.97,12500.0,74739.0
002022.SZ,2026-03-16 10:49:00,5.98,5.98,5.98,5.98,400.0,2392.0
002022.SZ,2026-03-16 10:50:00,5.98,5.98,5.98,5.98,0.0,0.0
002022.SZ,2026-03-16 10:51:00,5.97,5.98,5.98,5.97,9900.0,59200.0
002022.SZ,2026-03-16 10:52:00,5.97,5.98,5.98,5.97,14300.0,85513.0
002022.SZ,2026-03-16 10:53:00,5.98,5.98,5.99,5.98,10200.0,60995.0
002022.SZ,2026-03-16 10:54:00,5.97,5.98,5.98,5.97,5200.0,31095.0
002022.SZ,2026-03-16 10:55:00,5.97,5.97,5.97,5.97,3300.0,19711.0
002022.SZ,2026-03-16 10:56:00,5.97,5.97,5.97,5.97,100.0,597.0
002022.SZ,2026-03-16 10:57:00,5.98,5.98,5.98,5.98,3400.0,20332.0
002022.SZ,2026-03-16 10:58:00,5.97,5.98,5.98,5.97,3800.0,22719.0
002022.SZ,2026-03-16 10:59:00,5.97,5.98,5.98,5.97,7700.0,46007.0
002022.SZ,2026-03-16 11:00:00,5.98,5.98,5.98,5.98,4900.0,29294.0
002022.SZ,2026-03-16 11:01:00,5.97,5.97,5.97,5.97,100.0,597.0
002022.SZ,2026-03-16 11:02:00,5.97,5.97,5.97,5.97,2800.0,16716.0
002022.SZ,2026-03-16 11:03:00,5.98,5.98,5.98,5.98,4700.0,28106.0
002022.SZ,2026-03-16 11:04:00,5.98,5.98,5.98,5.98,21400.0,127972.0
002022.SZ,2026-03-16 11:05:00,5.98,5.98,5.98,5.98,4700.0,28106.0
002022.SZ,2026-03-16 11:06:00,5.98,5.98,5.98,5.98,5300.0,31695.0
002022.SZ,2026-03-16 11:07:00,5.99,5.98,5.99,5.98,8900.0,53302.0
002022.SZ,2026-03-16 11:08:00,5.98,5.98,5.98,5.98,500.0,2990.0
002022.SZ,2026-03-16 11:09:00,5.98,5.98,5.98,5.98,200.0,1196.0
002022.SZ,2026-03-16 11:10:00,5.98,5.98,5.99,5.98,30500.0,182395.0
002022.SZ,2026-03-16 11:11:00,5.98,5.98,5.98,5.98,1200.0,7176.0
002022.SZ,2026-03-16 11:12:00,5.99,5.98,5.99,5.98,10800.0,64585.0
002022.SZ,2026-03-16 11:13:00,5.98,5.99,5.99,5.98,800.0,4787.0
002022.SZ,2026-03-16 11:14:00,5.98,5.98,5.98,5.98,11100.0,66378.0
002022.SZ,2026-03-16 11:15:00,5.98,5.98,5.98,5.97,9000.0,53805.0
002022.SZ,2026-03-16 11:16:00,5.98,5.98,5.98,5.98,5800.0,34684.0
002022.SZ,2026-03-16 11:17:00,5.99,5.99,5.99,5.99,8200.0,49118.0
002022.SZ,2026-03-16 11:18:00,5.99,5.98,5.99,5.98,17000.0,101829.0
002022.SZ,2026-03-16 11:19:00,5.99,5.99,5.99,5.99,1600.0,9584.0
002022.SZ,2026-03-16 11:20:00,5.99,5.98,5.99,5.98,23800.0,142329.0
002022.SZ,2026-03-16 11:21:00,5.98,5.98,5.98,5.98,900.0,5390.0
002022.SZ,2026-03-16 11:22:00,5.98,5.98,5.98,5.98,0.0,0.0
002022.SZ,2026-03-16 11:23:00,5.98,5.98,5.98,5.97,9000.0,53812.0
002022.SZ,2026-03-16 11:24:00,5.98,5.98,5.98,5.98,1500.0,8970.0
002022.SZ,2026-03-16 11:25:00,5.98,5.98,5.99,5.98,20700.0,123849.0
002022.SZ,2026-03-16 11:26:00,5.99,5.99,5.99,5.99,900.0,5385.0
002022.SZ,2026-03-16 11:27:00,5.98,5.99,5.99,5.98,3600.0,21539.0
002022.SZ,2026-03-16 11:28:00,5.98,5.98,5.98,5.98,7300.0,43641.0
002022.SZ,2026-03-16 11:29:00,5.98,5.98,5.98,5.98,6400.0,38272.0
002022.SZ,2026-03-16 11:30:00,5.97,5.98,5.98,5.97,17500.0,104536.0
002022.SZ,2026-03-16 13:01:00,6.0,5.98,6.0,5.98,604500.0,3614798.0
002022.SZ,2026-03-16 13:02:00,6.0,6.0,6.0,6.0,29600.0,177600.0
002022.SZ,2026-03-16 13:03:00,6.0,6.0,6.01,6.0,32300.0,193811.0
002022.SZ,2026-03-16 13:04:00,6.0,6.0,6.01,5.99,19100.0,114615.0
002022.SZ,2026-03-16 13:05:00,6.01,6.01,6.01,6.01,6200.0,37262.0
002022.SZ,2026-03-16 13:06:00,6.01,6.0,6.01,6.0,13400.0,80422.0
002022.SZ,2026-03-16 13:07:00,6.0,6.01,6.01,6.0,1500.0,9001.0
002022.SZ,2026-03-16 13:08:00,6.01,6.0,6.01,5.99,16600.0,99602.0
002022.SZ,2026-03-16 13:09:00,5.99,6.0,6.01,5.99,18600.0,111564.0
002022.SZ,2026-03-16 13:10:00,6.0,5.99,6.0,5.99,18100.0,108587.0
002022.SZ,2026-03-16 13:11:00,5.99,5.99,6.0,5.99,11000.0,65984.0
002022.SZ,2026-03-16 13:12:00,5.99,6.0,6.0,5.99,9000.0,53935.0
002022.SZ,2026-03-16 13:13:00,5.99,5.99,5.99,5.99,10000.0,59900.0
002022.SZ,2026-03-16 13:14:00,6.0,6.0,6.0,5.99,8900.0,53364.0
002022.SZ,2026-03-16 13:15:00,5.99,6.0,6.0,5.99,1400.0,8393.0
002022.SZ,2026-03-16 13:16:00,5.99,5.99,5.99,5.99,0.0,0.0
002022.SZ,2026-03-16 13:17:00,6.0,6.0,6.0,6.0,1000.0,6000.0
002022.SZ,2026-03-16 13:18:00,6.0,6.0,6.0,6.0,0.0,0.0
002022.SZ,2026-03-16 13:19:00,5.99,5.99,6.0,5.99,18000.0,107982.0
002022.SZ,2026-03-16 13:20:00,5.99,6.0,6.0,5.99,1100.0,6594.0
002022.SZ,2026-03-16 13:21:00,5.99,5.99,5.99,5.99,0.0,0.0
002022.SZ,2026-03-16 13:22:00,5.99,5.99,5.99,5.99,100.0,599.0
002022.SZ,2026-03-16 13:23:00,6.0,5.99,6.0,5.99,1200.0,7199.0
002022.SZ,2026-03-16 13:24:00,5.99,5.99,5.99,5.99,200.0,1198.0
002022.SZ,2026-03-16 13:25:00,6.0,5.99,6.0,5.99,7500.0,44939.0
002022.SZ,2026-03-16 13:26:00,6.0,5.99,6.0,5.99,15400.0,92384.0
002022.SZ,2026-03-16 13:27:00,5.99,5.99,6.0,5.99,35400.0,212069.0
002022.SZ,2026-03-16 13:28:00,5.98,5.99,5.99,5.98,83300.0,498900.0
002022.SZ,2026-03-16 13:29:00,5.99,5.98,5.99,5.98,1300.0,7783.0
002022.SZ,2026-03-16 13:30:00,5.98,5.98,5.99,5.98,1100.0,6583.0
002022.SZ,2026-03-16 13:31:00,5.98,5.99,5.99,5.98,1400.0,8376.0
002022.SZ,2026-03-16 13:32:00,5.98,5.99,5.99,5.98,5900.0,35321.0
002022.SZ,2026-03-16 13:33:00,5.98,5.98,5.98,5.98,0.0,0.0
002022.SZ,2026-03-16 13:34:00,5.98,5.99,5.99,5.98,21000.0,125640.0
002022.SZ,2026-03-16 13:35:00,5.98,5.99,5.99,5.98,56100.0,335505.0
002022.SZ,2026-03-16 13:36:00,5.98,5.98,5.98,5.98,2200.0,13156.0
002022.SZ,2026-03-16 13:37:00,5.99,5.99,5.99,5.98,57900.0,346632.0
002022.SZ,2026-03-16 13:38:00,5.99,5.99,6.0,5.99,7200.0,43178.0
002022.SZ,2026-03-16 13:39:00,5.98,5.99,5.99,5.98,17900.0,107186.0
002022.SZ,2026-03-16 13:40:00,5.98,5.98,5.98,5.98,0.0,0.0
002022.SZ,2026-03-16 13:41:00,5.99,5.99,5.99,5.98,6400.0,38334.0
002022.SZ,2026-03-16 13:42:00,5.99,5.99,5.99,5.99,5800.0,34742.0
002022.SZ,2026-03-16 13:43:00,5.98,5.98,5.98,5.98,300.0,1794.0
002022.SZ,2026-03-16 13:44:00,5.99,5.99,6.0,5.99,27500.0,164729.0
002022.SZ,2026-03-16 13:45:00,6.0,5.99,6.0,5.99,300.0,1798.0
002022.SZ,2026-03-16 13:46:00,5.99,6.0,6.0,5.99,30500.0,182697.0
002022.SZ,2026-03-16 13:47:00,5.99,5.99,5.99,5.99,4400.0,26356.0
002022.SZ,2026-03-16 13:48:00,5.99,5.99,5.99,5.99,3000.0,17970.0
002022.SZ,2026-03-16 13:49:00,5.98,5.99,5.99,5.98,30700.0,183719.0
002022.SZ,2026-03-16 13:50:00,5.99,5.99,5.99,5.99,3400.0,20366.0
002022.SZ,2026-03-16 13:51:00,5.99,5.99,5.99,5.99,0.0,0.0
002022.SZ,2026-03-16 13:52:00,5.98,5.98,5.98,5.98,200.0,1196.0
002022.SZ,2026-03-16 13:53:00,5.98,5.99,5.99,5.98,1100.0,6580.0
002022.SZ,2026-03-16 13:54:00,5.98,5.98,5.98,5.98,400.0,2392.0
002022.SZ,2026-03-16 13:55:00,5.98,5.98,5.98,5.98,0.0,0.0
002022.SZ,2026-03-16 13:56:00,5.99,5.98,5.99,5.98,1300.0,7785.0
002022.SZ,2026-03-16 13:57:00,5.99,5.99,5.99,5.99,3700.0,22163.0
002022.SZ,2026-03-16 13:58:00,5.98,5.99,5.99,5.98,20900.0,125179.0
002022.SZ,2026-03-16 13:59:00,5.98,5.99,5.99,5.98,5600.0,33539.0
002022.SZ,2026-03-16 14:00:00,5.99,5.98,5.99,5.98,11800.0,70651.0
002022.SZ,2026-03-16 14:01:00,5.99,5.99,5.99,5.98,11700.0,70066.0
002022.SZ,2026-03-16 14:02:00,5.99,5.98,5.99,5.98,1100.0,6580.0
002022.SZ,2026-03-16 14:03:00,5.98,5.99,5.99,5.98,300.0,1795.0
002022.SZ,2026-03-16 14:04:00,5.99,5.99,5.99,5.99,7500.0,44925.0
002022.SZ,2026-03-16 14:05:00,5.98,5.99,5.99,5.98,10800.0,64674.0
002022.SZ,2026-03-16 14:06:00,5.99,5.99,5.99,5.99,3400.0,20366.0
002022.SZ,2026-03-16 14:07:00,5.98,5.99,5.99,5.98,13200.0,79066.0
002022.SZ,2026-03-16 14:08:00,5.99,5.99,5.99,5.99,5800.0,34742.0
002022.SZ,2026-03-16 14:09:00,5.99,5.99,5.99,5.99,2300.0,13777.0
002022.SZ,2026-03-16 14:10:00,5.99,5.98,5.99,5.98,400.0,2393.0
002022.SZ,2026-03-16 14:11:00,5.99,5.98,5.99,5.98,7500.0,44904.0
002022.SZ,2026-03-16 14:12:00,5.99,5.99,6.0,5.99,76900.0,460632.0
002022.SZ,2026-03-16 14:13:00,5.99,6.0,6.0,5.99,25900.0,155148.0
002022.SZ,2026-03-16 14:14:00,5.98,6.0,6.0,5.98,11200.0,67187.0
002022.SZ,2026-03-16 14:15:00,5.99,5.99,5.99,5.98,5700.0,34140.0
002022.SZ,2026-03-16 14:16:00,5.99,5.99,5.99,5.99,1600.0,9584.0
002022.SZ,2026-03-16 14:17:00,6.0,6.0,6.0,6.0,1800.0,10800.0
002022.SZ,2026-03-16 14:18:00,5.99,5.99,5.99,5.99,800.0,4792.0
002022.SZ,2026-03-16 14:19:00,5.99,6.0,6.0,5.99,700.0,4198.0
002022.SZ,2026-03-16 14:20:00,5.99,5.99,5.99,5.99,65900.0,394741.0
002022.SZ,2026-03-16 14:21:00,5.99,6.0,6.0,5.99,1000.0,5995.0
002022.SZ,2026-03-16 14:22:00,5.99,5.99,5.99,5.99,4600.0,27554.0
002022.SZ,2026-03-16 14:23:00,6.0,6.0,6.0,5.99,5000.0,29993.0
002022.SZ,2026-03-16 14:24:00,6.0,6.0,6.0,6.0,1000.0,6000.0
002022.SZ,2026-03-16 14:25:00,6.0,6.0,6.0,6.0,2800.0,16800.0
002022.SZ,2026-03-16 14:26:00,6.0,6.0,6.0,5.99,16300.0,97798.0
002022.SZ,2026-03-16 14:27:00,6.01,6.01,6.01,6.01,230300.0,1381804.0
002022.SZ,2026-03-16 14:28:00,6.0,6.01,6.01,6.0,12300.0,73802.0
002022.SZ,2026-03-16 14:29:00,6.0,6.01,6.01,6.0,3900.0,23426.0
002022.SZ,2026-03-16 14:30:00,6.0,6.01,6.01,6.0,3700.0,22236.0
002022.SZ,2026-03-16 14:31:00,6.0,6.01,6.01,6.0,2300.0,13810.0
002022.SZ,2026-03-16 14:32:00,6.01,6.0,6.01,6.0,113700.0,682471.0
002022.SZ,2026-03-16 14:33:00,6.0,6.0,6.0,6.0,3400.0,20400.0
002022.SZ,2026-03-16 14:34:00,6.01,6.01,6.01,6.01,1700.0,10217.0
002022.SZ,2026-03-16 14:35:00,6.0,6.0,6.0,6.0,4500.0,27000.0
002022.SZ,2026-03-16 14:36:00,6.0,6.0,6.0,6.0,110000.0,660000.0
002022.SZ,2026-03-16 14:37:00,6.0,6.01,6.01,6.0,25900.0,155401.0
002022.SZ,2026-03-16 14:38:00,6.0,6.0,6.0,6.0,1100.0,6600.0
002022.SZ,2026-03-16 14:39:00,6.0,6.0,6.0,5.99,4900.0,29388.0
002022.SZ,2026-03-16 14:40:00,6.0,5.99,6.0,5.99,9900.0,59339.0
002022.SZ,2026-03-16 14:41:00,5.99,5.99,6.0,5.99,16400.0,98393.0
002022.SZ,2026-03-16 14:42:00,6.0,6.0,6.0,6.0,21000.0,126022.0
002022.SZ,2026-03-16 14:43:00,5.99,6.0,6.01,5.99,53600.0,321468.0
002022.SZ,2026-03-16 14:44:00,6.0,6.01,6.01,5.99,5800.0,34789.0
002022.SZ,2026-03-16 14:45:00,6.0,6.0,6.0,5.99,33300.0,199679.0
002022.SZ,2026-03-16 14:46:00,6.0,6.0,6.01,6.0,56400.0,338402.0
002022.SZ,2026-03-16 14:47:00,6.0,6.0,6.01,6.0,48800.0,292801.0
002022.SZ,2026-03-16 14:48:00,6.0,6.01,6.01,6.0,13000.0,78094.0
002022.SZ,2026-03-16 14:49:00,6.0,6.0,6.01,5.99,166200.0,997479.0
002022.SZ,2026-03-16 14:50:00,6.0,6.01,6.01,5.99,47800.0,286531.0
002022.SZ,2026-03-16 14:51:00,6.0,6.0,6.0,5.99,136800.0,819825.0
002022.SZ,2026-03-16 14:52:00,6.0,6.0,6.01,6.0,37600.0,225952.0
002022.SZ,2026-03-16 14:53:00,6.0,6.0,6.0,6.0,800.0,4800.0
002022.SZ,2026-03-16 14:54:00,6.01,6.01,6.01,6.0,27900.0,167470.0
002022.SZ,2026-03-16 14:55:00,6.0,6.0,6.01,6.0,17700.0,106228.0
002022.SZ,2026-03-16 14:56:00,6.0,6.01,6.01,6.0,35200.0,211430.0
002022.SZ,2026-03-16 14:57:00,6.01,6.0,6.01,5.99,43100.0,258826.0
002022.SZ,2026-03-16 14:58:00,6.01,6.01,6.01,6.01,0.0,0.0
002022.SZ,2026-03-16 14:59:00,6.01,6.01,6.01,6.01,0.0,0.0
002022.SZ,2026-03-16 15:00:00,6.01,6.01,6.01,6.01,50500.0,303505.0
002022.SZ,2026-03-17 09:30:00,6.01,6.02,6.02,5.98,36100.0,217127.0
002022.SZ,2026-03-17 09:31:00,6.02,6.01,6.02,6.0,72800.0,437509.0
002022.SZ,2026-03-17 09:32:00,6.04,6.03,6.05,6.01,149300.0,900257.0
002022.SZ,2026-03-17 09:33:00,6.02,6.04,6.04,6.02,93300.0,562556.0
002022.SZ,2026-03-17 09:34:00,6.03,6.04,6.04,6.02,29300.0,176866.0
002022.SZ,2026-03-17 09:35:00,6.03,6.02,6.03,6.02,17000.0,102439.0
002022.SZ,2026-03-17 09:36:00,6.05,6.04,6.05,6.03,170800.0,1031641.0
002022.SZ,2026-03-17 09:37:00,6.04,6.05,6.05,6.04,31100.0,187872.0
002022.SZ,2026-03-17 09:38:00,6.04,6.05,6.05,6.04,11100.0,67055.0
002022.SZ,2026-03-17 09:39:00,6.03,6.04,6.04,6.03,22200.0,133867.0
002022.SZ,2026-03-17 09:40:00,6.03,6.03,6.04,6.03,13900.0,83896.0
002022.SZ,2026-03-17 09:41:00,6.05,6.03,6.06,6.03,356200.0,2153353.0
002022.SZ,2026-03-17 09:42:00,6.05,6.05,6.06,6.05,31200.0,188777.0
002022.SZ,2026-03-17 09:43:00,6.06,6.05,6.06,6.04,18900.0,114334.0
002022.SZ,2026-03-17 09:44:00,6.05,6.05,6.05,6.04,37900.0,229274.0
002022.SZ,2026-03-17 09:45:00,6.04,6.05,6.05,6.04,44900.0,271589.0
002022.SZ,2026-03-17 09:46:00,6.04,6.04,6.05,6.04,21300.0,128745.0
002022.SZ,2026-03-17 09:47:00,6.04,6.05,6.05,6.04,8800.0,53172.0
002022.SZ,2026-03-17 09:48:00,6.03,6.04,6.04,6.03,51100.0,308596.0
002022.SZ,2026-03-17 09:49:00,6.05,6.03,6.05,6.03,17100.0,103187.0
002022.SZ,2026-03-17 09:50:00,6.04,6.05,6.05,6.04,29500.0,178461.0
002022.SZ,2026-03-17 09:51:00,6.04,6.04,6.05,6.04,18100.0,109340.0
002022.SZ,2026-03-17 09:52:00,6.06,6.05,6.06,6.04,62400.0,377523.0
002022.SZ,2026-03-17 09:53:00,6.05,6.05,6.06,6.05,57800.0,350064.0
002022.SZ,2026-03-17 09:54:00,6.06,6.05,6.06,6.05,173400.0,1050518.0
002022.SZ,2026-03-17 09:55:00,6.06,6.06,6.07,6.05,63000.0,381493.0
002022.SZ,2026-03-17 09:56:00,6.07,6.06,6.07,6.05,16300.0,98847.0
002022.SZ,2026-03-17 09:57:00,6.06,6.07,6.07,6.06,35200.0,213333.0
002022.SZ,2026-03-17 09:58:00,6.06,6.06,6.06,6.06,7600.0,46056.0
002022.SZ,2026-03-17 09:59:00,6.06,6.06,6.06,6.06,3300.0,19998.0
002022.SZ,2026-03-17 10:00:00,6.06,6.06,6.06,6.05,52600.0,318446.0
002022.SZ,2026-03-17 10:01:00,6.07,6.06,6.07,6.05,75900.0,459930.0
002022.SZ,2026-03-17 10:02:00,6.07,6.07,6.07,6.07,2300.0,13961.0
002022.SZ,2026-03-17 10:03:00,6.07,6.07,6.07,6.06,39700.0,240683.0
002022.SZ,2026-03-17 10:04:00,6.07,6.07,6.07,6.06,18200.0,110452.0
002022.SZ,2026-03-17 10:05:00,6.07,6.06,6.07,6.06,5500.0,33363.0
002022.SZ,2026-03-17 10:06:00,6.07,6.07,6.07,6.06,14300.0,86791.0
002022.SZ,2026-03-17 10:07:00,6.07,6.07,6.07,6.06,10000.0,60615.0
002022.SZ,2026-03-17 10:08:00,6.07,6.07,6.07,6.07,3400.0,20634.0
002022.SZ,2026-03-17 10:09:00,6.07,6.07,6.07,6.06,8800.0,53411.0
002022.SZ,2026-03-17 10:10:00,6.07,6.07,6.07,6.06,4900.0,29730.0
002022.SZ,2026-03-17 10:11:00,6.07,6.06,6.07,6.06,3900.0,23660.0
002022.SZ,2026-03-17 10:12:00,6.06,6.06,6.06,6.06,20000.0,121200.0
002022.SZ,2026-03-17 10:13:00,6.07,6.06,6.07,6.06,14800.0,89701.0
002022.SZ,2026-03-17 10:14:00,6.07,6.07,6.07,6.06,73300.0,444345.0
002022.SZ,2026-03-17 10:15:00,6.06,6.07,6.07,6.06,26200.0,158816.0
002022.SZ,2026-03-17 10:16:00,6.06,6.07,6.07,6.06,18900.0,114548.0
002022.SZ,2026-03-17 10:17:00,6.06,6.07,6.07,6.06,6800.0,41215.0
002022.SZ,2026-03-17 10:18:00,6.06,6.07,6.07,6.06,39500.0,239384.0
002022.SZ,2026-03-17 10:19:00,6.06,6.07,6.07,6.06,18100.0,109816.0
002022.SZ,2026-03-17 10:20:00,6.06,6.07,6.07,6.06,18000.0,109082.0
002022.SZ,2026-03-17 10:21:00,6.07,6.07,6.07,6.06,8200.0,49713.0
002022.SZ,2026-03-17 10:22:00,6.07,6.07,6.07,6.07,9400.0,57018.0
002022.SZ,2026-03-17 10:23:00,6.07,6.07,6.07,6.07,5600.0,33992.0
002022.SZ,2026-03-17 10:24:00,6.07,6.06,6.07,6.06,11100.0,67355.0
002022.SZ,2026-03-17 10:25:00,6.08,6.07,6.08,6.07,326500.0,1982618.0
002022.SZ,2026-03-17 10:26:00,6.08,6.08,6.08,6.07,36200.0,220053.0
002022.SZ,2026-03-17 10:27:00,6.08,6.08,6.08,6.07,14600.0,88762.0
002022.SZ,2026-03-17 10:28:00,6.07,6.07,6.07,6.07,100.0,607.0
002022.SZ,2026-03-17 10:29:00,6.07,6.07,6.08,6.07,7300.0,44381.0
002022.SZ,2026-03-17 10:30:00,6.09,6.08,6.09,6.08,117500.0,714625.0
002022.SZ,2026-03-17 10:31:00,6.08,6.08,6.09,6.08,9200.0,55937.0
002022.SZ,2026-03-17 10:32:00,6.08,6.08,6.09,6.08,4900.0,29803.0
002022.SZ,2026-03-17 10:33:00,6.08,6.08,6.09,6.08,7100.0,43213.0
002022.SZ,2026-03-17 10:34:00,6.08,6.09,6.09,6.08,1800.0,10958.0
002022.SZ,2026-03-17 10:35:00,6.09,6.09,6.09,6.08,15100.0,91888.0
002022.SZ,2026-03-17 10:36:00,6.09,6.09,6.09,6.09,6300.0,38367.0
002022.SZ,2026-03-17 10:37:00,6.07,6.08,6.08,6.07,91500.0,556290.0
002022.SZ,2026-03-17 10:38:00,6.08,6.08,6.08,6.07,58100.0,352672.0
002022.SZ,2026-03-17 10:39:00,6.07,6.08,6.08,6.07,1700.0,10335.0
002022.SZ,2026-03-17 10:40:00,6.08,6.07,6.08,6.07,32500.0,197597.0
002022.SZ,2026-03-17 10:41:00,6.08,6.08,6.08,6.07,9900.0,60177.0
002022.SZ,2026-03-17 10:42:00,6.08,6.08,6.08,6.07,900.0,5471.0
002022.SZ,2026-03-17 10:43:00,6.07,6.07,6.07,6.07,1800.0,10926.0
002022.SZ,2026-03-17 10:44:00,6.07,6.08,6.08,6.07,9700.0,58915.0
002022.SZ,2026-03-17 10:45:00,6.08,6.07,6.08,6.07,5500.0,33430.0
002022.SZ,2026-03-17 10:46:00,6.07,6.07,6.07,6.07,500.0,3035.0
002022.SZ,2026-03-17 10:47:00,6.07,6.07,6.07,6.07,9500.0,57665.0
002022.SZ,2026-03-17 10:48:00,6.08,6.07,6.08,6.07,3600.0,21860.0
002022.SZ,2026-03-17 10:49:00,6.08,6.07,6.08,6.07,1200.0,7286.0
002022.SZ,2026-03-17 10:50:00,6.07,6.08,6.08,6.07,400.0,2431.0
002022.SZ,2026-03-17 10:51:00,6.07,6.07,6.08,6.07,25500.0,155036.0
002022.SZ,2026-03-17 10:52:00,6.07,6.07,6.07,6.07,1800.0,10926.0
002022.SZ,2026-03-17 10:53:00,6.07,6.07,6.07,6.07,29800.0,180886.0
002022.SZ,2026-03-17 10:54:00,6.07,6.08,6.08,6.06,89300.0,541991.0
002022.SZ,2026-03-17 10:55:00,6.07,6.07,6.07,6.06,60900.0,369659.0
002022.SZ,2026-03-17 10:56:00,6.07,6.07,6.07,6.06,19500.0,118359.0
002022.SZ,2026-03-17 10:57:00,6.07,6.07,6.07,6.07,5700.0,34599.0
002022.SZ,2026-03-17 10:58:00,6.07,6.07,6.08,6.07,19900.0,120873.0
002022.SZ,2026-03-17 10:59:00,6.07,6.07,6.08,6.07,17800.0,108050.0
002022.SZ,2026-03-17 11:00:00,6.06,6.07,6.07,6.06,12400.0,75250.0
002022.SZ,2026-03-17 11:01:00,6.05,6.06,6.06,6.05,140700.0,852595.0
002022.SZ,2026-03-17 11:02:00,6.05,6.06,6.06,6.05,5800.0,35145.0
002022.SZ,2026-03-17 11:03:00,6.05,6.06,6.06,6.05,41800.0,253295.0
002022.SZ,2026-03-17 11:04:00,6.05,6.06,6.06,6.05,10400.0,62923.0
002022.SZ,2026-03-17 11:05:00,6.05,6.06,6.06,6.05,500.0,3026.0
002022.SZ,2026-03-17 11:06:00,6.05,6.05,6.05,6.05,100.0,605.0
002022.SZ,2026-03-17 11:07:00,6.05,6.05,6.05,6.05,18400.0,111320.0
002022.SZ,2026-03-17 11:08:00,6.05,6.05,6.05,6.04,86100.0,520909.0
002022.SZ,2026-03-17 11:09:00,6.04,6.04,6.05,6.04,48600.0,293547.0
002022.SZ,2026-03-17 11:10:00,6.05,6.05,6.05,6.05,26500.0,160325.0
002022.SZ,2026-03-17 11:11:00,6.05,6.05,6.06,6.04,32300.0,195414.0
002022.SZ,2026-03-17 11:12:00,6.04,6.04,6.06,6.04,7800.0,47190.0
002022.SZ,2026-03-17 11:13:00,6.05,6.05,6.05,6.05,6600.0,39930.0
002022.SZ,2026-03-17 11:14:00,6.05,6.05,6.05,6.05,10400.0,62920.0
002022.SZ,2026-03-17 11:15:00,6.06,6.05,6.06,6.05,2390.0,14468.5
002022.SZ,2026-03-17 11:16:00,6.06,6.06,6.06,6.06,4300.0,26058.0
002022.SZ,2026-03-17 11:17:00,6.06,6.06,6.06,6.05,3600.0,21815.0
002022.SZ,2026-03-17 11:18:00,6.05,6.05,6.05,6.05,26700.0,161535.0
002022.SZ,2026-03-17 11:19:00,6.05,6.05,6.05,6.05,11300.0,68365.0
002022.SZ,2026-03-17 11:20:00,6.04,6.05,6.05,6.04,13800.0,83487.0
002022.SZ,2026-03-17 11:21:00,6.04,6.05,6.05,6.04,29000.0,175446.0
002022.SZ,2026-03-17 11:22:00,6.04,6.05,6.05,6.04,3700.0,22374.0
002022.SZ,2026-03-17 11:23:00,6.04,6.04,6.05,6.04,26400.0,159608.0
002022.SZ,2026-03-17 11:24:00,6.04,6.05,6.05,6.04,6500.0,39267.0
002022.SZ,2026-03-17 11:25:00,6.04,6.04,6.05,6.04,4100.0,24781.0
002022.SZ,2026-03-17 11:26:00,6.04,6.04,6.04,6.04,0.0,0.0
002022.SZ,2026-03-17 11:27:00,6.04,6.04,6.04,6.04,64300.0,388372.0
002022.SZ,2026-03-17 11:28:00,6.05,6.05,6.06,6.05,68300.0,413225.0
002022.SZ,2026-03-17 11:29:00,6.05,6.05,6.05,6.05,19800.0,119790.0
002022.SZ,2026-03-17 11:30:00,6.05,6.05,6.05,6.05,3700.0,22385.0
002022.SZ,2026-03-17 13:01:00,6.03,6.05,6.06,6.03,303700.0,1831341.0
002022.SZ,2026-03-17 13:02:00,6.05,6.05,6.05,6.05,3200.0,19360.0
002022.SZ,2026-03-17 13:03:00,6.04,6.04,6.04,6.04,5200.0,31408.0
002022.SZ,2026-03-17 13:04:00,6.04,6.04,6.04,6.04,3100.0,18724.0
002022.SZ,2026-03-17 13:05:00,6.04,6.04,6.04,6.04,900.0,5436.0
002022.SZ,2026-03-17 13:06:00,6.04,6.04,6.04,6.03,51900.0,313036.0
002022.SZ,2026-03-17 13:07:00,6.04,6.04,6.05,6.04,1800.0,10886.0
002022.SZ,2026-03-17 13:08:00,6.04,6.04,6.04,6.04,12800.0,77312.0
002022.SZ,2026-03-17 13:09:00,6.03,6.04,6.04,6.03,2600.0,15703.0
002022.SZ,2026-03-17 13:10:00,6.04,6.04,6.04,6.04,6700.0,40468.0
002022.SZ,2026-03-17 13:11:00,6.04,6.04,6.04,6.03,5700.0,34427.0
002022.SZ,2026-03-17 13:12:00,6.04,6.04,6.04,6.04,2900.0,17516.0
002022.SZ,2026-03-17 13:13:00,6.03,6.03,6.03,6.03,2900.0,17487.0
002022.SZ,2026-03-17 13:14:00,6.03,6.03,6.03,6.03,2300.0,13869.0
002022.SZ,2026-03-17 13:15:00,6.03,6.03,6.04,6.03,36100.0,217696.0
002022.SZ,2026-03-17 13:16:00,6.04,6.03,6.04,6.02,10900.0,65736.0
002022.SZ,2026-03-17 13:17:00,6.03,6.03,6.03,6.03,800.0,4824.0
002022.SZ,2026-03-17 13:18:00,6.03,6.04,6.04,6.03,600.0,3619.0
002022.SZ,2026-03-17 13:19:00,6.04,6.04,6.04,6.04,500.0,3020.0
002022.SZ,2026-03-17 13:20:00,6.04,6.04,6.04,6.04,5400.0,32616.0
002022.SZ,2026-03-17 13:21:00,6.04,6.04,6.04,6.03,2900.0,17513.0
002022.SZ,2026-03-17 13:22:00,6.04,6.04,6.04,6.04,0.0,0.0
002022.SZ,2026-03-17 13:23:00,6.04,6.04,6.04,6.03,21000.0,126711.0
002022.SZ,2026-03-17 13:24:00,6.05,6.04,6.05,6.04,83500.0,504416.0
002022.SZ,2026-03-17 13:25:00,6.05,6.04,6.05,6.04,8500.0,51346.0
002022.SZ,2026-03-17 13:26:00,6.04,6.04,6.05,6.04,4700.0,28403.0
002022.SZ,2026-03-17 13:27:00,6.04,6.04,6.05,6.04,35600.0,215030.0
002022.SZ,2026-03-17 13:28:00,6.05,6.04,6.05,6.04,4800.0,29025.0
002022.SZ,2026-03-17 13:29:00,6.04,6.05,6.05,6.04,3000.0,18132.0
002022.SZ,2026-03-17 13:30:00,6.04,6.04,6.05,6.04,7700.0,46554.0
002022.SZ,2026-03-17 13:31:00,6.04,6.05,6.05,6.04,6600.0,39924.0
002022.SZ,2026-03-17 13:32:00,6.04,6.04,6.05,6.04,21900.0,132489.0
002022.SZ,2026-03-17 13:33:00,6.04,6.04,6.04,6.04,17300.0,104492.0
002022.SZ,2026-03-17 13:34:00,6.05,6.05,6.05,6.04,9600.0,58041.0
002022.SZ,2026-03-17 13:35:00,6.04,6.05,6.05,6.03,63000.0,380523.0
002022.SZ,2026-03-17 13:36:00,6.04,6.04,6.04,6.04,10700.0,64627.0
002022.SZ,2026-03-17 13:37:00,6.03,6.04,6.04,6.03,12300.0,74278.0
002022.SZ,2026-03-17 13:38:00,6.04,6.04,6.04,6.03,13700.0,82747.0
002022.SZ,2026-03-17 13:39:00,6.03,6.04,6.04,6.03,5800.0,35029.0
002022.SZ,2026-03-17 13:40:00,6.03,6.03,6.03,6.03,0.0,0.0
002022.SZ,2026-03-17 13:41:00,6.04,6.03,6.04,6.03,5000.0,30155.0
002022.SZ,2026-03-17 13:42:00,6.03,6.03,6.03,6.03,3600.0,21708.0
002022.SZ,2026-03-17 13:43:00,6.04,6.03,6.04,6.03,1300.0,7842.0
002022.SZ,2026-03-17 13:44:00,6.03,6.03,6.04,6.03,31800.0,191931.0
002022.SZ,2026-03-17 13:45:00,6.03,6.03,6.03,6.03,1500.0,9045.0
002022.SZ,2026-03-17 13:46:00,6.02,6.03,6.03,6.02,154100.0,929206.0
002022.SZ,2026-03-17 13:47:00,6.02,6.03,6.03,6.02,18400.0,110784.0
002022.SZ,2026-03-17 13:48:00,6.02,6.02,6.02,6.02,49300.0,296786.0
002022.SZ,2026-03-17 13:49:00,6.03,6.03,6.03,6.02,34900.0,210339.0
002022.SZ,2026-03-17 13:50:00,6.02,6.02,6.03,6.02,16200.0,97597.0
002022.SZ,2026-03-17 13:51:00,6.02,6.02,6.02,6.02,11000.0,66220.0
002022.SZ,2026-03-17 13:52:00,6.03,6.02,6.03,6.02,8000.0,48175.0
002022.SZ,2026-03-17 13:53:00,6.02,6.02,6.03,6.02,4400.0,26491.0
002022.SZ,2026-03-17 13:54:00,6.03,6.02,6.03,6.02,2000.0,12041.0
002022.SZ,2026-03-17 13:55:00,6.02,6.02,6.03,6.02,23200.0,139672.0
002022.SZ,2026-03-17 13:56:00,6.02,6.02,6.03,6.02,5300.0,31916.0
002022.SZ,2026-03-17 13:57:00,6.03,6.03,6.03,6.02,47000.0,283401.0
002022.SZ,2026-03-17 13:58:00,6.03,6.03,6.03,6.02,11800.0,71146.0
002022.SZ,2026-03-17 13:59:00,6.03,6.03,6.03,6.02,18600.0,112137.0
002022.SZ,2026-03-17 14:00:00,6.01,6.02,6.03,6.01,149800.0,901906.0
002022.SZ,2026-03-17 14:01:00,6.01,6.01,6.02,6.01,15700.0,94372.0
002022.SZ,2026-03-17 14:02:00,6.02,6.01,6.02,6.01,7600.0,45680.0
002022.SZ,2026-03-17 14:03:00,6.01,6.02,6.02,6.01,31000.0,186616.0
002022.SZ,2026-03-17 14:04:00,6.01,6.02,6.02,6.01,1900.0,11421.0
002022.SZ,2026-03-17 14:05:00,6.01,6.01,6.02,6.01,8400.0,50526.0
002022.SZ,2026-03-17 14:06:00,6.01,6.01,6.02,6.01,18400.0,110637.0
002022.SZ,2026-03-17 14:07:00,6.0,6.02,6.02,6.0,104600.0,628677.0
002022.SZ,2026-03-17 14:08:00,6.01,6.0,6.01,6.0,12800.0,76815.0
002022.SZ,2026-03-17 14:09:00,6.01,6.01,6.01,6.0,81500.0,489806.0
002022.SZ,2026-03-17 14:10:00,6.01,6.01,6.02,6.01,4400.0,26446.0
002022.SZ,2026-03-17 14:11:00,6.02,6.02,6.02,6.01,10800.0,64913.0
002022.SZ,2026-03-17 14:12:00,6.01,6.02,6.02,6.01,1400.0,8418.0
002022.SZ,2026-03-17 14:13:00,6.01,6.01,6.01,6.01,2000.0,12020.0
002022.SZ,2026-03-17 14:14:00,6.02,6.01,6.02,6.01,4200.0,25246.0
002022.SZ,2026-03-17 14:15:00,6.01,6.01,6.02,6.01,13200.0,79435.0
002022.SZ,2026-03-17 14:16:00,6.01,6.01,6.01,6.01,800.0,4808.0
002022.SZ,2026-03-17 14:17:00,6.02,6.01,6.02,6.01,104500.0,628720.0
002022.SZ,2026-03-17 14:18:00,6.01,6.01,6.02,6.01,6400.0,38522.0
002022.SZ,2026-03-17 14:19:00,6.02,6.01,6.02,6.01,2000.0,12023.0
002022.SZ,2026-03-17 14:20:00,6.01,6.01,6.02,6.01,3700.0,22244.0
002022.SZ,2026-03-17 14:21:00,6.01,6.01,6.01,6.01,30000.0,180300.0
002022.SZ,2026-03-17 14:22:00,6.01,6.01,6.01,6.01,16200.0,97362.0
002022.SZ,2026-03-17 14:23:00,6.0,6.01,6.01,6.0,32600.0,195863.0
002022.SZ,2026-03-17 14:24:00,6.0,6.0,6.01,6.0,1400.0,8403.0
002022.SZ,2026-03-17 14:25:00,6.0,6.01,6.01,6.0,28200.0,169387.0
002022.SZ,2026-03-17 14:26:00,6.01,6.01,6.01,6.0,16300.0,97847.0
002022.SZ,2026-03-17 14:27:00,6.01,6.0,6.01,6.0,7100.0,42617.0
002022.SZ,2026-03-17 14:28:00,6.01,6.01,6.01,6.0,12200.0,73214.0
002022.SZ,2026-03-17 14:29:00,6.01,6.01,6.01,6.0,12300.0,73883.0
002022.SZ,2026-03-17 14:30:00,6.01,6.01,6.01,6.0,17800.0,106962.0
002022.SZ,2026-03-17 14:31:00,5.99,6.0,6.0,5.99,225900.0,1355178.0
002022.SZ,2026-03-17 14:32:00,6.0,5.99,6.0,5.99,6300.0,37761.0
002022.SZ,2026-03-17 14:33:00,6.0,6.0,6.0,5.99,5400.0,32387.0
002022.SZ,2026-03-17 14:34:00,6.01,5.99,6.01,5.99,64800.0,388791.0
002022.SZ,2026-03-17 14:35:00,5.99,6.0,6.0,5.99,58600.0,351595.0
002022.SZ,2026-03-17 14:36:00,5.99,6.0,6.0,5.99,5700.0,34194.0
002022.SZ,2026-03-17 14:37:00,6.0,5.99,6.0,5.99,28800.0,172746.0
002022.SZ,2026-03-17 14:38:00,6.0,6.0,6.0,5.99,14500.0,86985.0
002022.SZ,2026-03-17 14:39:00,5.99,6.0,6.0,5.99,2700.0,16181.0
002022.SZ,2026-03-17 14:40:00,5.99,5.99,6.0,5.99,48200.0,288741.0
002022.SZ,2026-03-17 14:41:00,6.0,6.0,6.0,5.99,19100.0,114559.0
002022.SZ,2026-03-17 14:42:00,5.99,6.0,6.0,5.99,5000.0,29973.0
002022.SZ,2026-03-17 14:43:00,6.0,5.99,6.0,5.99,16100.0,96572.0
002022.SZ,2026-03-17 14:44:00,6.0,6.0,6.0,5.99,17900.0,107395.0
002022.SZ,2026-03-17 14:45:00,6.0,6.0,6.0,5.99,20200.0,121160.0
002022.SZ,2026-03-17 14:46:00,5.99,6.0,6.0,5.99,90500.0,542143.0
002022.SZ,2026-03-17 14:47:00,5.99,5.99,6.0,5.99,49600.0,297118.0
002022.SZ,2026-03-17 14:48:00,6.0,6.0,6.0,5.99,14300.0,85676.0
002022.SZ,2026-03-17 14:49:00,5.99,5.99,6.0,5.99,28000.0,167944.0
002022.SZ,2026-03-17 14:50:00,5.99,5.99,6.0,5.99,22000.0,131791.0
002022.SZ,2026-03-17 14:51:00,5.99,5.99,5.99,5.98,37400.0,223996.0
002022.SZ,2026-03-17 14:52:00,5.98,5.98,5.99,5.98,18400.0,110057.0
002022.SZ,2026-03-17 14:53:00,5.98,5.99,5.99,5.98,20300.0,121412.0
002022.SZ,2026-03-17 14:54:00,5.99,5.99,5.99,5.98,11200.0,67077.0
002022.SZ,2026-03-17 14:55:00,5.98,5.98,5.99,5.98,13300.0,79563.0
002022.SZ,2026-03-17 14:56:00,5.99,5.99,5.99,5.98,71400.0,427018.0
002022.SZ,2026-03-17 14:57:00,5.99,5.99,5.99,5.98,64000.0,382904.0
002022.SZ,2026-03-17 14:58:00,5.99,5.99,5.99,5.99,0.0,0.0
002022.SZ,2026-03-17 14:59:00,5.99,5.99,5.99,5.99,0.0,0.0
002022.SZ,2026-03-17 15:00:00,5.98,5.98,5.98,5.98,82300.0,492154.0
002022.SZ,2026-03-18 09:30:00,5.98,5.98,5.98,5.97,55900.0,333896.0
002022.SZ,2026-03-18 09:31:00,5.98,5.98,5.99,5.98,63100.0,377437.0
002022.SZ,2026-03-18 09:32:00,5.98,5.98,5.99,5.98,47200.0,282290.0
002022.SZ,2026-03-18 09:33:00,5.97,5.97,5.98,5.96,192000.0,1146146.0
002022.SZ,2026-03-18 09:34:00,5.96,5.97,5.98,5.95,75500.0,450461.0
002022.SZ,2026-03-18 09:35:00,5.95,5.95,5.96,5.95,19900.0,118418.0
002022.SZ,2026-03-18 09:36:00,5.96,5.95,5.96,5.95,18700.0,111271.0
002022.SZ,2026-03-18 09:37:00,5.94,5.95,5.95,5.94,53600.0,318521.0
002022.SZ,2026-03-18 09:38:00,5.96,5.95,5.96,5.94,70800.0,421156.0
002022.SZ,2026-03-18 09:39:00,5.96,5.95,5.97,5.95,16400.0,97734.0
002022.SZ,2026-03-18 09:40:00,5.96,5.95,5.96,5.95,24100.0,143598.0
002022.SZ,2026-03-18 09:41:00,5.95,5.96,5.96,5.95,68700.0,408768.0
002022.SZ,2026-03-18 09:42:00,5.95,5.95,5.96,5.94,93600.0,556698.0
002022.SZ,2026-03-18 09:43:00,5.97,5.95,5.97,5.95,21900.0,130629.0
002022.SZ,2026-03-18 09:44:00,5.96,5.95,5.97,5.95,17700.0,105483.0
002022.SZ,2026-03-18 09:45:00,5.96,5.96,5.97,5.95,52500.0,312997.0
002022.SZ,2026-03-18 09:46:00,5.97,5.96,5.97,5.96,10500.0,62666.0
002022.SZ,2026-03-18 09:47:00,5.98,5.98,5.99,5.97,62300.0,372880.0
002022.SZ,2026-03-18 09:48:00,5.97,5.98,5.99,5.97,18400.0,110008.0
002022.SZ,2026-03-18 09:49:00,5.97,5.97,5.98,5.97,51900.0,310004.0
002022.SZ,2026-03-18 09:50:00,5.96,5.96,5.97,5.96,46800.0,279289.0
002022.SZ,2026-03-18 09:51:00,5.98,5.96,5.98,5.96,25600.0,152822.0
002022.SZ,2026-03-18 09:52:00,5.97,5.98,5.98,5.97,27300.0,162985.0
002022.SZ,2026-03-18 09:53:00,5.96,5.98,5.98,5.96,10700.0,63894.0
002022.SZ,2026-03-18 09:54:00,5.98,5.98,5.99,5.98,79200.0,473985.0
002022.SZ,2026-03-18 09:55:00,5.99,5.98,5.99,5.98,1800.0,10772.0
002022.SZ,2026-03-18 09:56:00,5.97,5.98,5.98,5.97,17100.0,102249.0
002022.SZ,2026-03-18 09:57:00,5.97,5.97,5.97,5.97,16000.0,95520.0
002022.SZ,2026-03-18 09:58:00,5.98,5.96,5.98,5.96,11300.0,67464.0
002022.SZ,2026-03-18 09:59:00,5.97,5.97,5.97,5.97,2700.0,16119.0
002022.SZ,2026-03-18 10:00:00,5.96,5.97,5.97,5.96,10200.0,60887.0
002022.SZ,2026-03-18 10:01:00,5.96,5.97,5.97,5.96,75500.0,450006.0
002022.SZ,2026-03-18 10:02:00,5.96,5.97,5.97,5.96,10000.0,59688.0
002022.SZ,2026-03-18 10:03:00,5.97,5.96,5.97,5.96,9900.0,59042.0
002022.SZ,2026-03-18 10:04:00,5.96,5.96,5.96,5.95,55800.0,332488.0
002022.SZ,2026-03-18 10:05:00,5.98,5.97,5.98,5.97,31500.0,188061.0
002022.SZ,2026-03-18 10:06:00,5.99,5.98,5.99,5.98,73000.0,436698.0
002022.SZ,2026-03-18 10:07:00,5.99,6.0,6.0,5.98,15100.0,90391.0
002022.SZ,2026-03-18 10:08:00,5.99,5.99,5.99,5.99,10100.0,60499.0
002022.SZ,2026-03-18 10:09:00,5.98,5.98,6.0,5.97,41000.0,245321.0
002022.SZ,2026-03-18 10:10:00,5.98,5.99,5.99,5.98,7100.0,42485.0
002022.SZ,2026-03-18 10:11:00,5.98,6.0,6.0,5.98,11400.0,68176.0
002022.SZ,2026-03-18 10:12:00,5.98,5.97,5.98,5.97,11800.0,70561.0
002022.SZ,2026-03-18 10:13:00,5.99,5.98,5.99,5.97,18200.0,108748.0
002022.SZ,2026-03-18 10:14:00,5.99,5.98,5.99,5.98,63000.0,377045.0
002022.SZ,2026-03-18 10:15:00,5.99,5.98,5.99,5.98,3100.0,18540.0
002022.SZ,2026-03-18 10:16:00,6.0,5.99,6.0,5.99,16000.0,95859.0
002022.SZ,2026-03-18 10:17:00,6.0,6.0,6.0,6.0,19600.0,117600.0
002022.SZ,2026-03-18 10:18:00,6.01,6.01,6.01,6.0,44100.0,264838.0
002022.SZ,2026-03-18 10:19:00,6.01,6.01,6.01,6.0,12900.0,77511.0
002022.SZ,2026-03-18 10:20:00,6.0,6.01,6.01,6.0,12400.0,74493.0
002022.SZ,2026-03-18 10:21:00,6.0,6.0,6.0,6.0,4500.0,27000.0
002022.SZ,2026-03-18 10:22:00,6.0,6.0,6.01,6.0,7400.0,44401.0
002022.SZ,2026-03-18 10:23:00,6.0,6.0,6.01,6.0,14600.0,87635.0
002022.SZ,2026-03-18 10:24:00,6.0,6.0,6.01,6.0,4400.0,26417.0
002022.SZ,2026-03-18 10:25:00,6.04,6.0,6.04,6.0,211800.0,1274941.0
002022.SZ,2026-03-18 10:26:00,6.04,6.03,6.04,6.03,32100.0,193678.0
002022.SZ,2026-03-18 10:27:00,6.04,6.03,6.05,6.03,44700.0,270054.0
002022.SZ,2026-03-18 10:28:00,6.05,6.05,6.05,6.04,39100.0,236415.0
002022.SZ,2026-03-18 10:29:00,6.04,6.04,6.05,6.02,66000.0,398579.0
002022.SZ,2026-03-18 10:30:00,6.04,6.04,6.05,6.04,50600.0,305715.0
002022.SZ,2026-03-18 10:31:00,6.05,6.04,6.06,6.04,150000.0,907348.0
002022.SZ,2026-03-18 10:32:00,6.05,6.05,6.05,6.05,74300.0,450135.0
002022.SZ,2026-03-18 10:33:00,6.04,6.06,6.06,6.04,51200.0,309854.0
002022.SZ,2026-03-18 10:34:00,6.04,6.04,6.04,6.03,31400.0,189622.0
002022.SZ,2026-03-18 10:35:00,6.03,6.04,6.04,6.03,34400.0,207686.0
002022.SZ,2026-03-18 10:36:00,6.04,6.03,6.04,6.03,128200.0,773615.0
002022.SZ,2026-03-18 10:37:00,6.04,6.04,6.05,6.04,22700.0,137276.0
002022.SZ,2026-03-18 10:38:00,6.04,6.05,6.05,6.04,7500.0,45325.0
002022.SZ,2026-03-18 10:39:00,6.04,6.04,6.04,6.04,15300.0,92412.0
002022.SZ,2026-03-18 10:40:00,6.04,6.04,6.04,6.03,22300.0,134682.0
002022.SZ,2026-03-18 10:41:00,6.03,6.04,6.04,6.03,3200.0,19314.0
002022.SZ,2026-03-18 10:42:00,6.04,6.04,6.04,6.04,10000.0,60400.0
002022.SZ,2026-03-18 10:43:00,6.03,6.03,6.04,6.03,5800.0,34982.0
002022.SZ,2026-03-18 10:44:00,6.03,6.03,6.03,6.03,6600.0,39798.0
002022.SZ,2026-03-18 10:45:00,6.04,6.03,6.04,6.03,17000.0,102623.0
002022.SZ,2026-03-18 10:46:00,6.04,6.04,6.04,6.03,29500.0,178088.0
002022.SZ,2026-03-18 10:47:00,6.03,6.04,6.04,6.03,16000.0,96484.0
002022.SZ,2026-03-18 10:48:00,6.03,6.03,6.03,6.03,35300.0,212859.0
002022.SZ,2026-03-18 10:49:00,6.02,6.02,6.03,6.02,4300.0,25887.0
002022.SZ,2026-03-18 10:50:00,6.03,6.02,6.03,6.02,1600.0,9638.0
002022.SZ,2026-03-18 10:51:00,6.02,6.02,6.02,6.02,1000.0,6020.0
002022.SZ,2026-03-18 10:52:00,6.02,6.03,6.03,6.02,2400.0,14466.0
002022.SZ,2026-03-18 10:53:00,6.02,6.03,6.03,6.02,1200.0,7229.0
002022.SZ,2026-03-18 10:54:00,6.02,6.02,6.02,6.02,1200.0,7224.0
002022.SZ,2026-03-18 10:55:00,6.02,6.02,6.02,6.02,62900.0,378658.0
002022.SZ,2026-03-18 10:56:00,6.01,6.01,6.01,6.01,12200.0,73325.0
002022.SZ,2026-03-18 10:57:00,6.01,6.01,6.01,6.01,6100.0,36661.0
002022.SZ,2026-03-18 10:58:00,6.0,6.01,6.02,6.0,61700.0,370756.0
002022.SZ,2026-03-18 10:59:00,6.01,6.01,6.02,6.01,13300.0,79967.0
002022.SZ,2026-03-18 11:00:00,6.01,6.01,6.02,6.01,8800.0,52891.0
002022.SZ,2026-03-18 11:01:00,6.01,6.01,6.02,6.01,4900.0,29450.0
002022.SZ,2026-03-18 11:02:00,6.01,6.01,6.01,6.01,900.0,5409.0
002022.SZ,2026-03-18 11:03:00,6.01,6.02,6.02,6.01,12300.0,73990.0
002022.SZ,2026-03-18 11:04:00,6.01,6.01,6.01,6.01,6200.0,37262.0
002022.SZ,2026-03-18 11:05:00,6.01,6.02,6.02,6.01,11000.0,66212.0
002022.SZ,2026-03-18 11:06:00,6.02,6.02,6.02,6.02,100.0,602.0
002022.SZ,2026-03-18 11:07:00,6.01,6.02,6.02,6.01,2100.0,12632.0
002022.SZ,2026-03-18 11:08:00,6.01,6.02,6.02,6.01,300.0,1805.0
002022.SZ,2026-03-18 11:09:00,6.01,6.02,6.02,6.01,2200.0,13242.0
002022.SZ,2026-03-18 11:10:00,6.01,6.01,6.01,6.01,2000.0,12020.0
002022.SZ,2026-03-18 11:11:00,6.01,6.02,6.02,6.01,4700.0,28248.0
002022.SZ,2026-03-18 11:12:00,6.01,6.01,6.01,6.01,0.0,0.0
002022.SZ,2026-03-18 11:13:00,6.01,6.01,6.01,6.01,2200.0,13222.0
002022.SZ,2026-03-18 11:14:00,6.01,6.01,6.02,6.01,2400.0,14426.0
002022.SZ,2026-03-18 11:15:00,6.02,6.02,6.02,6.01,900.0,5417.0
002022.SZ,2026-03-18 11:16:00,6.03,6.03,6.03,6.03,93800.0,564792.0
002022.SZ,2026-03-18 11:17:00,6.03,6.03,6.03,6.03,0.0,0.0
002022.SZ,2026-03-18 11:18:00,6.03,6.02,6.03,6.02,900.0,5423.0
002022.SZ,2026-03-18 11:19:00,6.02,6.02,6.02,6.02,5600.0,33712.0
002022.SZ,2026-03-18 11:20:00,6.02,6.02,6.02,6.02,2300.0,13846.0
002022.SZ,2026-03-18 11:21:00,6.02,6.02,6.02,6.02,26700.0,160734.0
002022.SZ,2026-03-18 11:22:00,6.02,6.02,6.02,6.02,0.0,0.0
002022.SZ,2026-03-18 11:23:00,6.02,6.02,6.02,6.02,300.0,1806.0
002022.SZ,2026-03-18 11:24:00,6.02,6.02,6.02,6.02,0.0,0.0
002022.SZ,2026-03-18 11:25:00,6.02,6.01,6.02,6.01,2000.0,12021.0
002022.SZ,2026-03-18 11:26:00,6.02,6.02,6.02,6.02,600.0,3612.0
002022.SZ,2026-03-18 11:27:00,6.01,6.02,6.02,6.01,13700.0,82346.0
002022.SZ,2026-03-18 11:28:00,6.01,6.02,6.02,6.01,1400.0,8423.0
002022.SZ,2026-03-18 11:29:00,6.02,6.02,6.02,6.01,800.0,4813.0
002022.SZ,2026-03-18 11:30:00,6.02,6.02,6.02,6.02,300.0,1806.0
002022.SZ,2026-03-18 13:01:00,6.02,6.01,6.02,6.01,52000.0,313067.0
002022.SZ,2026-03-18 13:02:00,6.02,6.02,6.02,6.02,32400.0,195048.0
002022.SZ,2026-03-18 13:03:00,6.04,6.03,6.05,6.02,119000.0,718099.0
002022.SZ,2026-03-18 13:04:00,6.03,6.04,6.04,6.03,15200.0,91806.0
002022.SZ,2026-03-18 13:05:00,6.04,6.04,6.04,6.03,5500.0,33213.0
002022.SZ,2026-03-18 13:06:00,6.04,6.04,6.04,6.04,1800.0,10872.0
002022.SZ,2026-03-18 13:07:00,6.03,6.03,6.03,6.03,100.0,603.0
002022.SZ,2026-03-18 13:08:00,6.04,6.04,6.04,6.04,1800.0,10872.0
002022.SZ,2026-03-18 13:09:00,6.03,6.03,6.03,6.03,7900.0,47637.0
002022.SZ,2026-03-18 13:10:00,6.03,6.03,6.04,6.03,22100.0,133465.0
002022.SZ,2026-03-18 13:11:00,6.03,6.03,6.03,6.02,75400.0,454657.0
002022.SZ,2026-03-18 13:12:00,6.03,6.03,6.04,6.03,22700.0,137070.0
002022.SZ,2026-03-18 13:13:00,6.04,6.04,6.04,6.03,31000.0,187086.0
002022.SZ,2026-03-18 13:14:00,6.03,6.03,6.03,6.03,900.0,5427.0
002022.SZ,2026-03-18 13:15:00,6.02,6.03,6.03,6.02,4100.0,24698.0
002022.SZ,2026-03-18 13:16:00,6.03,6.02,6.03,6.02,4800.0,28906.0
002022.SZ,2026-03-18 13:17:00,6.03,6.03,6.03,6.03,0.0,0.0
002022.SZ,2026-03-18 13:18:00,6.02,6.02,6.02,6.02,5000.0,30100.0
002022.SZ,2026-03-18 13:19:00,6.02,6.02,6.02,6.02,0.0,0.0
002022.SZ,2026-03-18 13:20:00,6.02,6.02,6.02,6.02,19700.0,118594.0
002022.SZ,2026-03-18 13:21:00,6.02,6.02,6.02,6.02,300.0,1806.0
002022.SZ,2026-03-18 13:22:00,6.03,6.02,6.03,6.02,400.0,2409.0
002022.SZ,2026-03-18 13:23:00,6.02,6.02,6.02,6.02,300.0,1806.0
002022.SZ,2026-03-18 13:24:00,6.03,6.02,6.03,6.02,1200.0,7232.0
002022.SZ,2026-03-18 13:25:00,6.03,6.02,6.03,6.02,13300.0,80194.0
002022.SZ,2026-03-18 13:26:00,6.02,6.02,6.02,6.01,47200.0,284141.0
002022.SZ,2026-03-18 13:27:00,6.02,6.02,6.02,6.01,21200.0,127623.0
002022.SZ,2026-03-18 13:28:00,6.02,6.01,6.02,6.01,300.0,1804.0
002022.SZ,2026-03-18 13:29:00,6.01,6.01,6.02,6.01,600.0,3607.0
002022.SZ,2026-03-18 13:30:00,6.02,6.01,6.02,6.01,7100.0,42690.0
002022.SZ,2026-03-18 13:31:00,6.02,6.02,6.03,6.01,18100.0,108978.0
002022.SZ,2026-03-18 13:32:00,6.03,6.03,6.03,6.02,11400.0,68714.0
002022.SZ,2026-03-18 13:33:00,6.03,6.03,6.03,6.03,500.0,3015.0
002022.SZ,2026-03-18 13:34:00,6.03,6.03,6.03,6.03,1600.0,9648.0
002022.SZ,2026-03-18 13:35:00,6.03,6.03,6.03,6.03,200.0,1206.0
002022.SZ,2026-03-18 13:36:00,6.03,6.03,6.03,6.03,0.0,0.0
002022.SZ,2026-03-18 13:37:00,6.02,6.02,6.02,6.02,600.0,3612.0
002022.SZ,2026-03-18 13:38:00,6.02,6.03,6.03,6.02,7200.0,43405.0
002022.SZ,2026-03-18 13:39:00,6.03,6.03,6.04,6.03,41600.0,250844.0
002022.SZ,2026-03-18 13:40:00,6.03,6.03,6.03,6.03,13500.0,81405.0
002022.SZ,2026-03-18 13:41:00,6.03,6.02,6.03,6.02,2800.0,16878.0
002022.SZ,2026-03-18 13:42:00,6.03,6.03,6.03,6.03,4100.0,24723.0
002022.SZ,2026-03-18 13:43:00,6.03,6.03,6.03,6.03,1600.0,9635.0
002022.SZ,2026-03-18 13:44:00,6.03,6.03,6.03,6.03,3100.0,18693.0
002022.SZ,2026-03-18 13:45:00,6.03,6.03,6.03,6.03,10700.0,64521.0
002022.SZ,2026-03-18 13:46:00,6.04,6.03,6.04,6.03,21800.0,131652.0
002022.SZ,2026-03-18 13:47:00,6.03,6.03,6.03,6.02,51800.0,312351.0
002022.SZ,2026-03-18 13:48:00,6.03,6.03,6.03,6.02,27400.0,165194.0
002022.SZ,2026-03-18 13:49:00,6.03,6.03,6.03,6.03,42200.0,254466.0
002022.SZ,2026-03-18 13:50:00,6.04,6.03,6.04,6.03,2000.0,12061.0
002022.SZ,2026-03-18 13:51:00,6.03,6.03,6.04,6.03,5700.0,34379.0
002022.SZ,2026-03-18 13:52:00,6.03,6.03,6.03,6.03,3800.0,22914.0
002022.SZ,2026-03-18 13:53:00,6.03,6.03,6.03,6.03,0.0,0.0
002022.SZ,2026-03-18 13:54:00,6.03,6.03,6.03,6.03,400.0,2412.0
002022.SZ,2026-03-18 13:55:00,6.04,6.04,6.04,6.04,900.0,5436.0
002022.SZ,2026-03-18 13:56:00,6.03,6.03,6.03,6.03,200.0,1206.0
002022.SZ,2026-03-18 13:57:00,6.04,6.04,6.04,6.04,3800.0,22952.0
002022.SZ,2026-03-18 13:58:00,6.03,6.03,6.03,6.03,11000.0,66330.0
002022.SZ,2026-03-18 13:59:00,6.03,6.03,6.03,6.03,4500.0,27135.0
002022.SZ,2026-03-18 14:00:00,6.03,6.03,6.04,6.03,4500.0,27139.0
002022.SZ,2026-03-18 14:01:00,6.03,6.04,6.04,6.03,21200.0,128037.0
002022.SZ,2026-03-18 14:02:00,6.04,6.04,6.04,6.04,23900.0,144356.0
002022.SZ,2026-03-18 14:03:00,6.03,6.04,6.04,6.03,6400.0,38622.0
002022.SZ,2026-03-18 14:04:00,6.05,6.04,6.05,6.03,112800.0,681315.0
002022.SZ,2026-03-18 14:05:00,6.04,6.05,6.05,6.04,5400.0,32667.0
002022.SZ,2026-03-18 14:06:00,6.05,6.04,6.05,6.04,1900.0,11486.0
002022.SZ,2026-03-18 14:07:00,6.04,6.04,6.04,6.04,200.0,1208.0
002022.SZ,2026-03-18 14:08:00,6.04,6.04,6.04,6.04,100.0,604.0
002022.SZ,2026-03-18 14:09:00,6.05,6.05,6.05,6.05,300.0,1815.0
002022.SZ,2026-03-18 14:10:00,6.05,6.05,6.05,6.04,14500.0,87718.0
002022.SZ,2026-03-18 14:11:00,6.05,6.04,6.05,6.04,3200.0,19349.0
002022.SZ,2026-03-18 14:12:00,6.04,6.05,6.05,6.04,20700.0,125231.0
002022.SZ,2026-03-18 14:13:00,6.04,6.05,6.05,6.04,9000.0,54387.0
002022.SZ,2026-03-18 14:14:00,6.04,6.04,6.04,6.04,50400.0,304416.0
002022.SZ,2026-03-18 14:15:00,6.05,6.05,6.05,6.04,108600.0,655950.0
002022.SZ,2026-03-18 14:16:00,6.04,6.04,6.04,6.04,400.0,2416.0
002022.SZ,2026-03-18 14:17:00,6.04,6.04,6.04,6.04,5000.0,30200.0
002022.SZ,2026-03-18 14:18:00,6.05,6.05,6.05,6.04,34200.0,206902.0
002022.SZ,2026-03-18 14:19:00,6.06,6.05,6.06,6.05,216800.0,1311986.0
002022.SZ,2026-03-18 14:20:00,6.07,6.07,6.08,6.06,532800.0,3230662.0
002022.SZ,2026-03-18 14:21:00,6.07,6.07,6.08,6.07,32500.0,197276.0
002022.SZ,2026-03-18 14:22:00,6.07,6.07,6.07,6.07,9700.0,58879.0
002022.SZ,2026-03-18 14:23:00,6.08,6.07,6.08,6.07,8300.0,50404.0
002022.SZ,2026-03-18 14:24:00,6.07,6.07,6.08,6.07,9200.0,55875.0
002022.SZ,2026-03-18 14:25:00,6.08,6.07,6.08,6.07,27100.0,164602.0
002022.SZ,2026-03-18 14:26:00,6.07,6.07,6.08,6.07,64500.0,391546.0
002022.SZ,2026-03-18 14:27:00,6.07,6.07,6.07,6.07,32400.0,196667.0
002022.SZ,2026-03-18 14:28:00,6.07,6.07,6.07,6.07,48100.0,291986.0
002022.SZ,2026-03-18 14:29:00,6.06,6.07,6.07,6.06,27100.0,164491.0
002022.SZ,2026-03-18 14:30:00,6.07,6.06,6.07,6.06,8700.0,52803.0
002022.SZ,2026-03-18 14:31:00,6.07,6.07,6.08,6.06,115100.0,698661.0
002022.SZ,2026-03-18 14:32:00,6.07,6.07,6.08,6.07,41900.0,254480.0
002022.SZ,2026-03-18 14:33:00,6.07,6.08,6.08,6.07,6200.0,37676.0
002022.SZ,2026-03-18 14:34:00,6.08,6.07,6.08,6.07,18200.0,110507.0
002022.SZ,2026-03-18 14:35:00,6.08,6.08,6.08,6.08,1500.0,9120.0
002022.SZ,2026-03-18 14:36:00,6.07,6.07,6.08,6.07,8400.0,51006.0
002022.SZ,2026-03-18 14:37:00,6.07,6.07,6.08,6.07,6300.0,38246.0
002022.SZ,2026-03-18 14:38:00,6.07,6.07,6.08,6.07,13200.0,80194.0
002022.SZ,2026-03-18 14:39:00,6.07,6.07,6.08,6.07,28700.0,174259.0
002022.SZ,2026-03-18 14:40:00,6.08,6.07,6.08,6.07,16200.0,98378.0
002022.SZ,2026-03-18 14:41:00,6.07,6.08,6.08,6.07,43300.0,263233.0
002022.SZ,2026-03-18 14:42:00,6.07,6.07,6.08,6.07,87900.0,533866.0
002022.SZ,2026-03-18 14:43:00,6.08,6.07,6.08,6.07,74700.0,454093.0
002022.SZ,2026-03-18 14:44:00,6.08,6.08,6.08,6.07,35000.0,212683.0
002022.SZ,2026-03-18 14:45:00,6.08,6.08,6.08,6.07,7200.0,43767.0
002022.SZ,2026-03-18 14:46:00,6.07,6.08,6.08,6.07,17600.0,106979.0
002022.SZ,2026-03-18 14:47:00,6.09,6.08,6.1,6.08,442500.0,2693431.0
002022.SZ,2026-03-18 14:48:00,6.1,6.09,6.1,6.09,86000.0,523965.0
002022.SZ,2026-03-18 14:49:00,6.09,6.09,6.1,6.08,256200.0,1561890.0
002022.SZ,2026-03-18 14:50:00,6.1,6.1,6.1,6.09,30000.0,182838.0
002022.SZ,2026-03-18 14:51:00,6.09,6.09,6.1,6.09,65300.0,397796.0
002022.SZ,2026-03-18 14:52:00,6.09,6.09,6.1,6.09,23400.0,142514.0
002022.SZ,2026-03-18 14:53:00,6.09,6.1,6.1,6.09,17700.0,107868.0
002022.SZ,2026-03-18 14:54:00,6.09,6.09,6.1,6.09,82800.0,504432.0
002022.SZ,2026-03-18 14:55:00,6.09,6.1,6.1,6.09,109500.0,667369.0
002022.SZ,2026-03-18 14:56:00,6.09,6.09,6.1,6.09,126400.0,770403.0
002022.SZ,2026-03-18 14:57:00,6.09,6.09,6.1,6.09,205900.0,1255565.0
002022.SZ,2026-03-18 14:58:00,6.09,6.09,6.09,6.09,0.0,0.0
002022.SZ,2026-03-18 14:59:00,6.09,6.09,6.09,6.09,0.0,0.0
002022.SZ,2026-03-18 15:00:00,6.1,6.1,6.1,6.1,246900.0,1506090.0
