trade_date,open,high,low,close,vol
20250421,54.88,54.88,53.89,54.26,340943.55
20250422,54.0,54.55,53.89,54.08,233711.05
20250423,54.32,55.67,54.32,55.05,396007.23
20250424,55.17,55.17,54.22,54.45,211666.36
20250425,54.9,56.99,54.89,56.05,486824.98
20250428,56.05,56.05,55.13,55.19,221997.62
20250429,55.21,55.22,54.34,54.5,217374.17
20250430,54.4,55.13,54.3,54.44,167348.18
20250506,54.88,55.1,54.5,55.06,266810.04
20250507,56.0,56.1,54.97,55.43,266257.97
20250508,55.02,55.7,54.88,55.45,204165.72
20250509,55.39,55.39,54.68,54.89,178434.57
20250512,55.49,57.48,55.4,57.48,613487.12
20250513,58.0,58.1,56.78,56.96,338236.97
20250514,56.95,58.32,56.79,58.29,380970.6
20250515,58.03,58.42,57.28,57.43,246833.39
20250516,57.15,57.19,56.62,56.83,186262.62
20250519,56.83,56.94,56.15,56.75,143919.78
20250520,56.66,57.09,56.31,56.81,142920.53
20250521,56.54,57.06,56.51,56.66,128649.48
20250522,56.6,56.6,56.04,56.16,130733.83
20250523,56.22,57.05,56.06,56.08,215233.74
20250526,56.09,56.19,55.33,55.41,185026.31
20250527,55.43,55.53,54.9,54.95,142351.25
20250528,55.11,55.14,54.88,54.91,96506.91
20250529,54.98,55.53,54.65,55.53,143998.44
20250530,54.88,54.88,53.92,54.14,150576.25
20250603,54.06,54.38,54.0,54.14,121928.25
20250604,54.14,54.62,54.01,54.42,115984.2
20250605,54.5,54.58,54.08,54.26,156285.47
20250606,54.28,55.79,54.25,54.88,243160.57
20250609,55.07,55.6,54.8,55.17,182017.66
20250610,55.18,55.38,54.31,54.63,207078.83
20250611,54.64,55.14,54.53,55.02,156004.58
20250612,54.98,54.99,54.42,54.5,163103.25
20250613,54.31,55.22,54.0,54.41,209050.99
20250616,54.36,54.85,54.01,54.13,189961.46
20250617,54.14,54.27,53.88,53.98,132341.43
20250618,54.04,54.4,53.85,53.96,130096.0
20250619,53.95,53.97,53.24,53.4,167777.05
20250620,53.4,53.82,53.19,53.19,140224.37
20250623,52.9,52.9,52.1,52.53,217468.5
20250624,52.54,53.3,52.49,53.24,237343.45
20250625,53.24,53.69,52.83,53.61,254327.34
20250626,53.52,53.79,53.16,53.17,201586.84
20250627,53.17,53.97,53.1,53.39,240336.75
20250630,53.39,54.32,53.23,54.26,242871.23
20250701,54.03,54.49,53.93,53.98,161936.8
20250702,53.98,54.99,53.8,54.21,314323.69
20250703,54.22,54.98,54.0,54.56,263591.87
20250704,54.57,54.66,53.91,54.09,226735.94
20250707,54.09,54.98,53.93,54.3,186016.07
20250708,54.3,55.79,54.01,55.3,369202.62
20250709,55.33,55.44,54.36,54.44,265129.01
20250710,54.45,56.8,54.45,56.41,671779.33
20250711,56.18,56.52,55.72,55.72,401421.96
20250714,55.73,56.05,55.23,55.25,263069.97
20250715,55.25,55.45,54.5,55.02,245152.88
20250716,55.0,55.09,54.71,54.84,155576.74
20250717,54.89,55.33,54.72,55.15,223018.42
20250718,55.52,59.96,55.31,59.72,1178913.41
20250721,59.99,60.35,59.01,59.94,628162.66
20250722,60.4,63.05,59.9,63.05,1030836.19
20250723,63.0,63.28,61.66,61.83,682328.08
20250724,61.25,62.71,61.24,62.51,510849.5
20250725,62.58,64.64,62.57,62.98,546335.89
20250728,62.0,62.96,61.55,62.6,398068.61
20250729,62.61,63.15,61.83,61.96,307875.0
20250730,62.56,64.95,62.52,63.84,662587.11
20250731,63.8,63.8,61.82,62.31,515264.96
20250801,61.4,61.88,60.66,60.92,393958.4
20250804,60.4,60.78,59.92,60.48,255821.07
20250805,60.58,61.25,60.5,60.99,227963.21
20250806,60.99,61.36,60.57,61.08,197458.52
20250807,61.19,61.55,60.24,60.62,224056.53
20250808,60.8,61.46,60.3,60.8,209182.31
20250811,61.07,61.8,61.0,61.46,263564.26
20250812,61.08,64.49,60.9,62.9,633869.85
20250813,62.91,63.16,62.31,62.98,313200.04
20250814,62.99,63.47,62.05,62.51,306673.75
20250815,62.15,63.65,62.1,62.99,309612.11
20250818,63.05,63.7,62.63,62.71,395253.76
20250819,62.9,64.2,62.13,62.19,381996.52
20250820,62.19,63.09,61.57,63.04,337232.86
20250821,63.16,66.0,63.16,65.6,785601.88
20250822,65.85,67.48,65.41,67.17,564038.43
20250825,67.25,68.77,66.6,68.17,513981.26
20250826,68.17,70.78,67.72,69.63,556442.67
20250827,69.64,70.24,68.05,68.05,487421.53
20250828,67.84,69.15,66.5,68.13,485337.12
20250829,68.14,69.12,68.06,68.6,361429.3
20250901,68.6,69.85,68.0,69.02,403277.47
20250902,69.02,69.21,66.95,67.27,385692.19
20250903,67.27,67.96,65.9,66.89,284232.67
20250904,66.09,66.6,63.78,64.69,502025.87
20250905,64.64,66.12,64.51,65.85,324338.29
20250908,65.88,69.93,65.77,69.6,630918.66
20250909,69.65,70.2,67.82,68.52,403632.65
20250910,67.84,68.38,66.96,67.54,244392.88
20250911,67.3,68.5,66.82,68.43,319294.65
20250912,68.44,68.71,67.1,67.79,263774.07
20250915,67.79,69.09,67.5,67.74,209925.1
20250916,67.81,68.05,66.0,66.61,284113.48
20250917,66.32,67.5,66.06,67.01,212181.75
20250918,67.02,67.08,65.35,65.88,314009.89
20250919,65.66,66.52,65.31,65.31,293062.87
20250922,65.22,65.22,63.51,64.1,287562.59
20250923,64.12,64.41,62.59,63.34,268882.6
20250924,63.06,63.92,63.0,63.68,215650.93
20250925,63.66,65.35,63.55,64.56,285235.59
20250926,64.48,64.87,63.9,64.01,209298.25
20250929,64.2,66.53,63.7,65.94,329371.69
20250930,65.88,66.86,65.26,66.58,293174.11
20251009,66.58,67.85,65.3,67.73,335340.0
20251010,67.5,68.8,66.66,67.73,328917.39
20251013,65.12,66.78,64.99,66.35,306093.72
20251014,66.54,67.45,64.54,64.77,306328.49
20251015,64.7,65.56,64.07,64.75,208856.78
20251016,64.82,64.82,62.55,62.99,351123.83
20251017,62.96,63.65,61.5,61.51,301345.79
20251020,62.03,62.03,60.61,60.86,259369.26
20251021,61.09,61.55,60.6,61.18,191258.97
20251022,61.2,61.58,60.81,61.34,158524.72
20251023,61.24,62.8,60.85,62.73,225942.42
20251024,62.69,62.97,61.01,61.45,310696.41
20251027,62.0,63.3,61.81,62.49,367917.59
20251028,62.66,62.66,61.41,61.48,247704.19
20251029,61.4,62.45,61.03,61.99,269625.42
20251030,62.0,62.25,61.18,61.71,280866.99
20251031,61.88,63.33,61.87,62.63,311848.57
20251103,62.85,62.96,61.66,62.52,182917.73
20251104,62.35,62.85,61.11,61.6,189338.55
20251105,61.11,62.08,60.69,61.47,177935.6
20251106,61.3,62.45,61.3,61.7,205363.1
20251107,61.69,65.51,61.35,65.27,762160.0
20251110,66.2,68.78,66.15,67.86,786641.6
20251111,67.4,68.49,66.75,67.95,373544.69
20251112,68.0,68.5,67.23,67.77,299056.91
20251113,67.4,69.16,67.4,68.71,416458.4
20251114,67.4,68.28,65.8,65.8,504502.96
20251117,65.08,67.68,65.08,66.38,326430.84
20251118,66.4,66.76,65.02,65.4,234161.99
20251119,65.2,66.0,65.0,65.61,162992.74
20251120,65.97,66.47,64.18,64.3,207793.25
20251121,63.85,63.93,62.33,62.71,298714.74
20251124,63.43,63.65,62.26,62.79,242334.82
20251125,63.0,64.1,62.93,63.04,216534.63
20251126,63.06,63.88,62.82,63.7,168651.0
20251127,63.4,66.33,63.35,65.9,378088.66
20251128,65.89,67.98,65.85,67.12,388355.22
20251201,66.97,68.18,66.6,67.96,312903.08
20251202,67.8,68.09,66.9,67.0,205282.97
20251203,67.2,69.37,67.13,68.2,459657.55
20251204,68.07,68.8,67.26,67.68,191121.02
20251205,67.82,70.67,67.7,69.98,496446.3
20251208,70.2,70.7,69.38,69.97,329802.85
20251209,69.97,71.0,69.0,69.3,332060.86
20251210,68.97,69.43,67.9,69.3,238362.99
20251211,69.31,70.5,68.18,68.47,199392.22
20251212,68.47,68.81,67.53,68.47,225459.49
20251215,68.44,70.99,68.0,69.69,352823.6
20251216,69.55,70.19,67.98,70.07,280234.8
20251217,69.75,74.88,69.75,74.22,701133.83
20251218,74.23,76.99,73.85,75.54,506723.1
20251219,75.07,76.08,75.07,75.59,243168.29
20251222,75.59,76.19,75.11,75.79,264728.38
20251223,75.81,76.18,74.5,74.8,259293.25
20251224,74.98,77.37,74.86,77.07,346061.52
20251225,77.09,78.5,76.67,76.71,245153.18
20251226,76.6,78.0,75.7,76.98,271029.18
20251229,76.92,77.2,75.7,76.15,213799.64
20251230,75.5,77.99,75.02,77.0,266284.29
20251231,76.8,77.43,76.09,76.68,164028.35
20260105,77.2,78.81,76.23,77.33,261561.4
20260106,77.03,83.38,77.03,82.95,584610.93
20260107,82.25,83.66,81.4,81.93,323223.27
20260108,81.92,81.92,78.43,79.69,465476.05
20260109,80.0,80.61,78.41,79.35,333618.51
20260112,79.33,79.88,77.66,78.14,375752.05
20260113,78.08,80.13,77.77,78.76,355111.88
20260114,78.67,80.56,77.8,77.8,418676.18
20260115,77.5,80.94,77.31,79.46,399139.65
20260116,80.15,81.18,78.0,78.72,333612.11
20260119,77.9,82.79,77.39,82.4,507343.8
20260120,82.38,86.97,82.12,86.02,696985.85
20260121,86.2,86.69,83.8,84.08,473914.62
20260122,85.17,86.3,83.8,85.3,454922.07
20260123,85.64,86.46,83.8,84.25,397090.89
20260126,84.25,87.88,83.99,84.97,555121.98
20260127,84.95,87.48,83.53,84.7,447546.34
20260128,84.7,89.98,84.7,87.31,810651.82
20260129,88.1,89.97,86.19,87.6,611522.17
20260130,86.96,89.61,85.19,87.97,491902.01
20260202,86.6,86.96,79.58,80.33,828700.72
20260203,81.68,83.64,81.4,83.34,427000.97
20260204,83.8,85.2,82.98,84.8,312621.15
20260205,85.79,86.39,82.5,83.61,272272.42
20260206,81.94,88.46,81.52,86.7,543632.93
20260209,86.85,88.3,85.66,87.02,342524.39
20260210,86.66,86.66,84.03,86.0,322745.04
20260211,85.59,89.88,84.78,88.85,497909.69
20260212,88.8,89.52,87.7,88.0,276028.11
20260213,87.01,87.06,84.65,84.96,342402.09
20260224,86.38,87.39,84.77,87.25,296402.3
20260225,87.88,92.24,87.8,89.71,631194.85
20260226,89.69,92.28,89.26,90.02,416391.03
20260227,90.02,94.28,89.92,93.0,467424.93
20260302,93.1,95.2,91.88,94.32,513070.52
20260303,95.0,95.45,90.8,91.09,495287.41
20260304,89.06,90.26,87.24,88.46,441946.53
20260305,89.99,90.45,87.69,89.2,300582.18
20260306,88.65,93.48,87.6,93.0,380446.28
20260309,93.99,97.0,89.01,89.96,693148.03
20260310,88.03,89.2,87.0,88.21,424174.36
20260311,88.21,90.3,84.68,89.45,616565.14
20260312,89.41,90.3,86.5,86.6,529754.7
20260313,86.31,87.98,84.17,84.5,491371.22
20260316,84.1,84.2,78.12,79.43,798538.82
20260317,79.96,82.49,79.88,80.15,436746.54
20260318,80.2,80.88,79.05,80.66,276043.84
20260319,80.0,80.55,78.0,78.43,352353.87
20260320,78.42,79.4,77.0,77.0,422529.58
20260323,75.43,76.97,73.36,75.01,450660.69
20260324,75.8,76.04,73.55,75.13,318627.78
20260325,76.35,79.34,76.3,78.45,380638.71
20260326,78.0,80.89,77.6,79.23,336462.3
20260327,78.0,80.84,77.84,79.98,279932.47
20260330,78.96,80.75,78.9,80.61,262408.49
20260331,80.71,81.2,79.22,79.45,186980.95
20260401,80.9,83.42,80.9,82.87,369321.12
20260402,82.61,83.46,81.9,82.71,219188.99
20260403,83.3,84.28,82.03,82.38,249403.03
20260407,81.8,86.78,81.8,86.27,423610.3
20260408,85.0,87.01,83.99,86.44,382498.93
20260409,85.91,87.8,85.59,87.59,296315.3
20260410,87.86,89.6,87.0,89.07,291276.75
20260413,89.07,93.14,88.34,92.2,418485.2
20260414,92.04,92.19,89.06,90.68,402115.03
20260415,89.99,90.98,88.04,89.08,366894.58
20260416,89.0,91.36,88.89,90.1,267474.28
20260417,89.5,90.2,87.5,87.77,343329.4
